Square_Footage,Num_Bedrooms,Num_Bathrooms,Year_Built,Lot_Size,Garage_Size,Neighborhood_Quality,House_Price
1360,2,1,1981,0.59963664,0,Average,262382.8523
4272,3,3,2016,4.753013849,1,Average,985260.8545
3592,1,2,2016,3.63482272,0,Excellent,777977.3901
966,1,2,1977,2.730666876,1,Good,229698.9187
4926,2,1,1993,4.699072555,0,Good,1041740.859
3944,5,3,1990,2.475930044,2,Good,879796.9835
3671,1,2,2012,4.911960066,0,Poor,814427.8614
3419,1,1,1972,2.805281408,1,Poor,703413.1109
630,3,3,1997,1.014285965,1,Good,173875.0372
2185,4,2,1981,3.941604376,2,Average,504176.5061
1269,2,2,2006,3.555039763,1,Excellent,335332.5928
2891,2,3,1982,3.978440246,0,Poor,635097.3959
2933,5,3,1973,4.781489129,2,Excellent,701133.8041
1684,5,3,1988,3.994201862,1,Good,440726.2848
3885,2,3,1983,3.25101471,1,Excellent,838719.4305
4617,5,1,2005,4.357890061,0,Average,1019192.661
3404,3,3,1977,3.529608977,0,Poor,735850.8123
974,2,2,1986,2.336535756,2,Poor,234261.65
1582,5,2,1956,4.485288939,1,Average,396246.3589
3058,2,1,2017,1.498552074,0,Poor,672852.052
2547,4,2,1986,3.715885737,2,Good,586086.5685
3247,1,2,2005,4.467035547,1,Excellent,740174.0147
1475,2,3,2014,3.790924339,1,Average,370167.0909
2306,1,2,2014,3.637739386,2,Average,530824.1968
689,5,1,1996,3.886872323,2,Poor,227515.3003
3234,1,3,1969,2.592748617,0,Good,652166.1424
3505,2,3,1968,4.43376807,1,Good,745670.6371
2399,4,1,1978,1.415464138,1,Excellent,513161.9512
1767,5,3,2009,1.073238872,1,Poor,432357.9061
2028,2,3,1967,1.784789511,2,Poor,434165.8966
3702,5,1,1984,2.892098285,0,Excellent,809686.2011
4056,3,3,1992,2.797528079,1,Average,883819.0911
4390,1,1,1960,4.19269441,2,Average,912468.0479
1146,3,1,1998,2.320558954,1,Poor,281313.0614
3388,2,2,1987,2.679549918,0,Poor,705923.3149
2935,4,2,2013,0.560154575,1,Excellent,656980.4604
1100,5,3,2018,2.343826564,0,Poor,318266.2771
2863,1,3,1957,3.414984048,0,Average,582468.7977
2561,5,1,1983,0.569787488,1,Poor,541967.6336
741,2,3,1997,1.763968843,1,Average,188531.4235
2541,5,1,2005,1.435803617,0,Good,565562.7504
3324,1,1,2014,0.68893443,2,Good,697574.5557
3112,2,3,1980,2.656670405,0,Excellent,666733.4735
1863,5,1,1953,1.31775482,1,Average,376388.0216
1978,4,2,1999,3.843866928,1,Good,485380.9502
3056,2,3,2018,4.315675477,2,Poor,735678.4622
1275,2,2,1979,2.955133322,0,Excellent,296291.001
4514,4,3,2008,4.917683041,0,Average,1046315.896
534,3,1,2016,2.527153572,0,Excellent,187508.5853
3652,1,3,1994,2.810156946,1,Excellent,793995.2849
2455,3,2,1953,4.951479893,0,Excellent,527393.5129
2085,5,1,1975,1.541967962,2,Excellent,467768.1229
4443,4,3,1976,4.741456729,1,Poor,981190.7829
3573,3,3,1995,0.692768998,1,Poor,750481.7169
1521,2,3,2013,2.508741006,0,Average,377511.2685
3961,5,2,2000,0.815015805,2,Poor,866877.3524
3113,5,2,1999,3.781556343,1,Poor,731331.6611
4343,3,3,1955,3.237840211,1,Poor,899382.8652
2000,3,1,2008,3.679854186,0,Excellent,485622.4019
661,4,1,1964,2.1851618,0,Poor,147601.5516
4797,1,2,1979,2.162668703,2,Poor,986006.8617
2481,3,1,1991,0.703936755,0,Poor,509725.5507
1495,3,2,1986,2.074752228,2,Poor,346932.6209
3842,2,3,1991,4.68179781,1,Good,863289.3969
4298,5,2,1984,2.206519417,2,Poor,919295.8541
1775,1,2,1955,4.241154678,2,Poor,406069.2709
1516,2,3,2017,4.290464771,2,Good,397346.1109
837,4,1,1967,2.179585204,1,Excellent,191117.1012
1378,4,2,2022,3.343949062,0,Poor,384461.3548
1576,3,2,1978,0.92917221,1,Good,340980.7248
4493,3,3,2008,0.966553613,0,Average,951093.547
879,4,1,1996,0.718959486,2,Average,217010.4853
992,3,2,1966,3.11456792,2,Average,248224.0197
2562,1,3,1971,2.417319399,2,Average,538349.0962
4384,3,2,2017,2.966145605,2,Good,985223.9967
564,5,3,2018,2.844829357,2,Average,242865.9315
3068,3,1,1986,2.07591346,0,Good,654466.9454
2527,2,1,1998,3.548630367,0,Average,551967.8883
3195,1,1,1962,3.913258464,2,Poor,663904.9927
1995,2,1,1983,0.565827165,1,Poor,397482.748
891,2,2,2002,1.432590349,1,Excellent,209632.8415
4974,5,2,2000,3.709561406,2,Excellent,1107045.063
4061,1,1,1952,2.239790777,0,Average,787420.4041
2778,1,1,1991,3.481177761,1,Excellent,605371.7047
3599,1,1,1981,2.061331969,1,Good,721018.0639
700,1,2,2000,2.258398185,1,Good,199066.3789
3604,1,1,1995,1.214054932,2,Average,730047.4974
2954,5,1,1970,1.662039588,1,Average,627923.6172
4145,3,1,1993,3.224352909,1,Good,898283.8867
1304,2,3,1960,2.449234001,1,Excellent,277832.1057
3231,1,1,2017,3.984362073,1,Excellent,731490.1175
3273,3,3,1950,4.336632297,0,Excellent,688357.6485
2070,3,3,2012,2.937408882,2,Good,525582.3102
3190,2,1,1973,3.912202814,2,Poor,684824.5349
4340,5,3,1962,1.881070309,0,Excellent,903251.9406
1528,4,1,1960,2.367370469,0,Excellent,323118.7393
1002,4,2,2000,3.707499543,2,Average,307101.6858
4993,3,2,1966,2.237953968,1,Poor,1020324.757
1370,2,2,1973,3.148272208,1,Average,304730.5062
4988,4,2,1968,1.334177506,2,Average,1026397.297
706,3,3,1986,3.198970917,1,Excellent,199414.9426
1984,5,1,1957,4.376811683,0,Poor,472657.6143
1363,4,1,1977,4.408878379,1,Poor,340069.2298
3290,3,1,1954,3.759549828,1,Excellent,696709.4153
1063,3,2,1966,3.855890206,1,Poor,266533.0539
4691,1,2,1985,3.010673503,2,Good,971514.762
2257,5,1,1968,3.131006406,0,Poor,501305.549
2178,1,2,2013,1.101427616,1,Excellent,480961.442
3742,2,1,1960,2.497366348,2,Average,758977.8819
1559,1,1,2003,2.528493277,1,Average,364658.5286
2222,1,1,1994,4.813240261,0,Good,515813.7578
3814,4,1,1996,2.439890882,1,Poor,834587.5118
3657,3,1,1961,2.972041902,0,Excellent,747384.0608
3125,5,1,1970,2.899631297,1,Excellent,667696.045
3229,1,1,1960,3.365427727,0,Good,645145.5398
2097,5,2,1954,3.867047741,1,Good,481368.1255
3560,1,1,2005,1.512688443,0,Poor,740148.1938
3193,2,1,1969,2.879259886,1,Poor,639073.1842
4127,1,2,1990,4.216629683,1,Average,886568.3132
1863,4,2,1995,2.584016212,2,Average,450941.1354
2481,3,2,1961,1.753058959,2,Poor,513720.4418
2163,2,1,2019,3.446190839,0,Good,521205.601
2029,1,3,1966,4.206953281,1,Good,455122.1
2538,5,3,1968,0.784131318,0,Poor,551463.8889
3802,2,2,1975,3.995557175,2,Average,816173.7524
2737,2,3,1997,4.197415698,0,Poor,637736.0104
1806,1,2,2001,2.576853174,0,Poor,420203.4616
4529,2,1,2019,4.924875456,2,Average,1026790.066
3175,5,3,2004,4.040187533,1,Average,744681.3971
1782,2,1,1982,3.981481542,0,Average,400585.4624
1209,5,3,2011,3.865273585,2,Poor,368327.4567
4913,1,1,1972,1.177736464,1,Average,977158.5923
4248,3,3,1964,1.477538989,2,Average,883626.6204
1163,2,1,1976,2.587955592,0,Average,244030.4071
2498,3,1,2013,1.688019575,1,Poor,558598.6788
3945,5,3,2000,2.368584376,1,Good,860329.4923
4243,2,1,2002,4.498088495,2,Good,947490.7775
1995,4,1,2000,4.209471013,2,Poor,492018.3228
3804,3,1,1996,3.335179453,2,Average,832386.3312
4263,2,3,1953,4.361541774,1,Average,893926.6295
2353,3,3,1956,4.026975751,1,Average,534464.912
1791,2,1,1984,2.430432193,0,Average,355281.4185
4081,1,1,1997,1.404793184,1,Good,834105.7943
3957,3,3,2022,2.81390468,0,Average,885550.3826
2136,4,3,2021,3.813029971,2,Poor,551859.0857
4196,4,1,1994,2.463888194,2,Excellent,922420.5884
3499,5,1,2021,3.500473594,1,Average,804433.8093
3652,2,1,1968,0.924473418,2,Good,734985.063
1198,3,2,2012,3.866021314,2,Average,346152.8476
2660,5,3,1987,4.15721129,1,Average,649973.3619
4597,3,2,2016,3.680770351,0,Excellent,1006939.664
1354,2,3,2008,4.852686144,1,Poor,370260.6032
3974,4,3,2018,4.219934259,0,Average,928059.713
2207,1,3,1962,4.563921775,1,Poor,492112.0397
3277,4,3,1996,4.701069876,1,Excellent,752466.6747
2233,5,3,2010,4.106065963,2,Average,573797.9393
4010,1,3,1980,3.534164789,1,Good,854876.2984
702,5,3,1971,0.525733616,1,Average,183663.6465
3755,2,2,1992,2.59621589,0,Excellent,788150.9318
4718,1,1,2016,3.070230344,2,Average,981510.8953
4996,5,1,2003,1.868136226,0,Good,1070454.275
1266,2,2,1959,1.931470011,0,Excellent,241968.8433
4889,4,2,1991,4.825217371,2,Good,1064004.873
2827,2,2,2013,4.512698893,2,Poor,640767.2242
3431,3,2,1970,4.321305525,2,Good,762159.3915
697,2,3,2015,2.327053108,1,Good,216591.9711
2430,2,1,1990,0.561643477,2,Excellent,497168.0883
4082,3,3,1973,0.861000109,2,Average,857205.2453
1108,5,1,1984,1.904883657,2,Good,285546.5017
3772,5,1,2005,0.570843108,0,Poor,819125.6471
1647,2,2,1979,0.577174019,0,Excellent,316130.2556
4782,3,3,2006,4.624714857,1,Excellent,1067425.217
3897,3,2,1996,3.67771326,0,Excellent,837398.5651
3011,4,3,1984,1.890301955,1,Poor,658260.706
2294,5,1,1968,1.096900599,0,Poor,475767.3505
1159,1,2,1957,2.802360731,2,Poor,250101.5473
3311,5,2,1975,0.524057724,0,Poor,688516.5047
1869,5,1,2020,4.722861847,1,Poor,510876.9991
2486,4,1,1979,2.366668037,0,Good,543734.4219
646,1,1,1956,2.310507299,2,Average,146406.8963
3719,4,2,2016,2.257671234,1,Excellent,828512.102
3411,1,3,2014,0.811977487,2,Poor,719969.4353
2234,2,2,1985,3.372450079,2,Excellent,507847.5873
2343,1,3,1974,3.798516288,1,Average,507554.9441
988,4,2,1986,3.542564289,2,Average,294558.072
3476,5,2,1950,1.12295972,2,Excellent,712212.2154
2459,1,1,1964,3.104780756,0,Average,491715.9477
2885,1,3,1986,3.062680179,2,Poor,625227.0455
3419,3,2,1962,4.407848546,2,Average,752101.9024
2302,5,2,1957,2.206074463,2,Poor,501913.6471
4561,2,1,1954,2.171686746,2,Poor,907358.633
3869,4,1,2009,3.283371764,1,Poor,878704.0956
762,2,3,2022,3.348826941,0,Excellent,237070.7057
1123,5,2,1950,2.611783523,2,Poor,267132.4136
1516,1,3,1985,2.49376713,2,Average,353129.5685
4143,1,2,1984,2.723664518,1,Good,845141.6167
2549,5,3,2015,4.374703848,2,Poor,656223.1627
4223,1,1,2012,2.575251056,1,Excellent,884677.6891
3608,1,2,1972,4.729693064,0,Excellent,775773.2238
4590,1,3,1958,2.768016936,0,Poor,918893.7439
2556,4,1,1983,4.771403119,2,Good,607698.7371
3670,4,1,1995,4.247743558,2,Excellent,838774.484
2182,3,3,1953,2.130940952,2,Average,470978.4795
2755,2,2,1979,4.386386396,1,Average,616308.9624
1654,5,2,2021,0.995284779,2,Excellent,417416.2623
4999,5,1,1952,4.662712289,2,Average,1060976.489
3691,5,2,1963,3.342395818,0,Average,809046.2842
2196,3,2,2009,0.744758368,2,Good,485376.4233
4491,4,2,1994,3.399155256,0,Average,965816.6681
2148,3,1,1983,4.884114444,2,Excellent,517515.406
1945,5,3,1994,0.814102946,0,Average,438250.1762
4699,2,2,2010,2.996094694,2,Poor,1008240.785
4423,1,1,1965,3.865074574,0,Average,888140.076
753,4,1,2015,4.14616364,1,Average,252963.3562
3683,4,3,1989,2.362223594,0,Average,801206.2037
3057,3,2,1966,1.418749516,0,Poor,624112.16
598,4,2,1983,0.690540254,0,Good,155471.1663
2700,5,3,1965,3.108767707,2,Average,617900.4948
3461,5,3,2009,2.538099816,2,Good,798362.775
4933,3,1,2015,4.769349778,2,Good,1096158.29
4277,5,1,2015,0.772722085,1,Good,927092.406
3369,2,3,1962,3.584279046,1,Excellent,728289.8873
3734,3,2,2005,0.612348,0,Poor,785248.362
4291,2,1,1980,1.271453795,1,Excellent,862580.4984
1456,1,1,1983,2.5411055,0,Average,297387.9225
4567,2,2,1988,2.546925993,0,Average,938151.8372
660,1,1,2016,3.585652443,0,Average,203447.4834
4993,1,2,1957,4.595958657,1,Average,1038319.165
1800,2,2,2004,3.375644715,2,Excellent,443408.306
4487,3,2,1976,4.79090794,1,Good,971977.0246
2027,5,3,2002,4.467270379,0,Excellent,539478.4032
1718,5,3,1988,3.13024908,0,Average,424712.5513
4996,1,3,2014,4.252063779,1,Poor,1102533.649
3604,1,2,1966,3.391599246,0,Poor,740286.5597
3235,3,2,1979,0.853510239,0,Poor,655719.1459
1454,4,3,2002,3.832541255,1,Average,402213.4219
3946,2,1,1962,0.927087986,1,Good,779202.681
1545,1,2,1970,3.173372513,1,Poor,338170.3153
2193,5,1,1968,3.661880926,0,Excellent,497340.9981
3936,3,1,2002,0.799374237,0,Good,815811.6827
1062,2,2,1968,1.538575943,2,Good,250362.3591
2985,3,2,2006,4.620525045,2,Average,717150.4421
3854,2,1,1974,3.273415215,1,Good,811129.4972
725,2,1,1980,1.608287085,2,Average,165242.2979
1459,1,3,2004,3.60805897,0,Average,370992.4566
3567,3,3,1972,3.18549389,2,Excellent,779362.3561
1315,3,2,1981,2.75709065,0,Good,308618.4073
3620,5,3,2011,4.892841387,1,Good,861356.9776
516,5,3,1959,3.575541998,1,Poor,171023.9566
1743,1,3,2021,2.189484994,0,Poor,381738.0175
2705,1,3,2003,4.100330444,2,Good,628610.9651
3024,4,1,2001,4.480624818,1,Excellent,698124.6115
1569,5,2,1969,1.063492518,1,Average,362679.0878
3944,2,3,1981,1.4024884,2,Excellent,822030.7667
3065,3,1,1963,1.473021541,2,Excellent,611205.6889
1560,1,1,1999,3.610453142,0,Excellent,359657.9956
2827,3,1,1977,3.213677998,2,Average,605143.9591
3920,3,3,2002,3.285462041,2,Excellent,881016.0048
801,4,3,1973,4.733479849,2,Excellent,258111.6714
4776,5,2,1971,3.991601898,0,Excellent,1038652.425
1106,1,3,1979,1.07571616,0,Excellent,219426.9245
3670,3,3,2012,2.063781871,1,Good,813296.809
1199,1,1,1953,2.459271408,0,Poor,211038.8532
1639,2,2,2008,2.281827149,1,Excellent,395042.3551
690,4,3,1957,3.511888741,2,Average,203867.0429
2800,2,3,1961,4.513518965,1,Good,619660.8347
1480,1,1,1980,1.877231586,1,Good,304174.6641
3475,1,1,1983,2.983447114,2,Good,731899.4356
1684,5,3,1998,4.052342399,1,Good,467628.5271
3827,3,2,2006,2.372981265,0,Poor,827143.7764
3894,3,2,1975,1.256531578,0,Average,797034.4255
627,2,1,1967,2.637279344,0,Poor,126097.9272
2565,4,1,1987,0.748501343,0,Poor,527544.9105
2316,3,3,1999,4.740725543,1,Poor,570289.0161
1069,5,1,1957,0.836695423,1,Average,234389.7668
2395,2,3,1990,2.473055219,2,Poor,534533.02
3233,2,2,1955,2.884465675,1,Average,660507.8198
4363,5,2,2018,4.933867245,1,Poor,1008539.156
4514,4,3,1993,1.247098206,1,Poor,955158.9064
3401,5,1,2013,1.014941834,2,Poor,756373.8421
2186,4,2,1978,0.539177662,0,Average,441315.0885
3509,5,1,1977,1.200071466,1,Poor,749610.4678
654,5,2,1960,1.432728406,2,Good,158636.7031
3037,1,3,2014,3.337614237,2,Good,699683.2484
1909,2,3,1968,1.488680557,2,Average,390430.2224
4557,5,3,1958,0.592343666,0,Excellent,935973.5563
1284,5,2,1976,4.219782555,1,Good,350816.1844
3675,3,1,1983,2.145180655,2,Average,779019.7305
4841,2,1,1993,2.09163509,0,Poor,987630.2411
3306,3,1,2017,1.861155631,2,Poor,733612.8164
1037,2,2,1964,4.889179747,2,Excellent,255907.1344
2341,3,2,2000,1.265519378,2,Excellent,517655.1581
2955,5,2,1962,4.542071288,2,Average,684425.2003
1024,5,2,1998,3.995614995,2,Poor,323701.2442
3450,1,2,2019,0.8441598,0,Good,724814.2264
4631,3,1,2005,4.940280957,1,Excellent,1015556.149
4615,4,2,2000,1.721146836,1,Average,993273.0797
2868,1,2,1986,0.943623172,1,Excellent,581948.16
4347,3,1,1966,4.231914054,1,Poor,895675.5548
4995,3,2,2007,3.680039902,0,Poor,1092026.897
3201,1,1,1978,3.277484626,0,Average,662119.9411
1471,5,1,1982,1.201913887,0,Poor,341253.2208
1666,3,3,2009,2.653232523,2,Excellent,412045.7827
3274,5,3,2004,4.012502121,2,Good,748220.4937
2482,1,3,1959,1.866307722,2,Average,507185.4544
1353,5,3,1996,1.902604228,1,Poor,354054.7002
4646,2,2,1972,0.514134077,2,Good,915005.2949
4236,4,3,1970,1.284095307,1,Poor,872676.4342
4269,3,1,1962,4.439325313,2,Average,934942.0571
1074,4,2,1982,2.487859212,1,Excellent,269061.782
3761,5,3,1973,4.929055247,2,Good,867445.4185
1648,3,1,1960,2.280685836,2,Poor,342303.6893
2215,5,2,1966,3.718339047,0,Excellent,486872.0567
4354,2,2,2017,1.768635693,2,Average,935626.9529
2991,1,3,1996,2.137143385,2,Excellent,644601.1052
3160,3,2,1974,1.358266944,0,Average,645375.2218
3624,2,1,2022,2.061780658,1,Poor,786580.3015
3551,2,2,1970,2.962568842,0,Poor,740281.2153
504,3,1,1961,4.962977964,0,Excellent,149743.5
1376,5,2,1986,3.488907709,1,Good,348893.554
1491,2,3,1991,1.396606795,2,Excellent,346010.9498
4642,4,1,1966,0.702326487,1,Excellent,915441.1798
4864,2,2,1997,1.068604166,2,Poor,988325.4879
4965,5,2,1977,3.031498406,2,Poor,1075864.281
1135,5,2,1990,3.94322148,1,Average,329218.5249
2193,4,1,1996,4.731886433,0,Average,530004.3428
2182,2,1,1967,0.571204274,1,Poor,408013.5791
619,5,1,2020,2.852420637,2,Average,224507.2001
1330,3,3,1962,2.618903103,1,Good,300656.0791
4175,1,3,1962,3.452247599,1,Excellent,848824.7743
1869,1,1,1980,3.018104845,2,Excellent,396681.2861
1240,1,2,1951,3.591676178,0,Good,262398.446
616,2,3,1965,3.461371631,1,Good,180393.6281
3338,4,1,1958,1.026552762,2,Good,671803.9439
1650,5,2,2022,4.098730611,2,Excellent,474045.8427
2431,3,3,1987,1.054546591,1,Average,505877.5982
1512,3,2,2003,3.643387813,0,Average,389645.3296
2164,2,2,2005,2.372654154,1,Excellent,483350.3282
1581,1,2,1994,2.812328306,0,Average,358458.3808
1012,2,2,1983,4.564841065,0,Excellent,264395.0918
3349,4,3,1958,4.504476769,0,Average,749571.2916
1059,4,3,1957,4.180353375,0,Poor,263760.9441
4172,5,3,1956,2.795667712,1,Excellent,894611.0787
3843,5,1,1985,3.813079146,2,Good,853001.1126
4570,4,3,1967,2.80803675,2,Good,972537.4965
1970,4,2,1952,4.413227371,2,Good,453359.8716
1080,4,3,1977,2.31249125,2,Poor,270230.6377
2794,2,2,2019,4.86605905,2,Average,673649.8961
3647,4,1,1993,4.695452412,2,Average,827205.304
4749,3,2,1970,3.837211788,1,Average,1007770.579
2179,1,2,1977,1.757371479,0,Poor,443005.6236
4006,4,2,2003,1.09244115,2,Average,871566.5627
3244,1,1,2003,4.346165525,1,Excellent,726227.569
3856,2,3,2014,1.243860288,2,Average,824351.6711
4545,1,3,1970,4.34417355,2,Good,973850.3283
1743,2,1,1962,2.70844253,0,Average,344363.2737
3618,3,2,2006,2.329505527,0,Poor,793421.1418
2641,2,3,1998,4.564358505,0,Good,621862.7654
3559,2,1,2003,3.217329421,2,Good,758946.7724
3459,5,3,1959,3.094763032,2,Good,759151.2379
2765,4,1,2002,3.014446751,2,Average,630531.7401
2979,4,2,1993,2.170262822,0,Good,646766.2898
2135,3,3,1996,4.035393966,1,Average,533039.4328
2257,3,1,2002,1.637592998,2,Excellent,496427.1036
4952,4,3,1995,4.72502732,2,Excellent,1099211.641
2570,5,3,1962,4.522933423,2,Excellent,605600.9507
3349,4,3,1986,2.018661466,1,Average,738935.8194
3751,5,3,1973,3.782586964,2,Poor,839522.3186
4230,3,1,1951,3.079504375,1,Excellent,874856.2711
2989,1,2,1963,2.019421859,2,Average,609401.0845
2131,3,1,1959,4.948347416,1,Average,457643.098
3316,3,1,1984,0.613568056,2,Average,676108.8512
1515,2,1,1974,1.636907138,0,Average,300935.1861
1848,2,2,1952,2.840333275,0,Good,381998.6087
3587,2,3,1966,2.848788516,0,Poor,720883.6572
3339,2,3,1961,3.150198837,0,Average,722543.0796
835,5,3,2003,3.882542774,2,Poor,294548.4026
1395,4,2,1973,3.305650237,0,Poor,336073.5216
4046,1,3,1978,3.201266572,1,Good,863034.6757
1351,3,2,1992,0.740815083,0,Excellent,319748.7668
2187,5,3,1974,2.194386295,0,Excellent,504023.2609
2431,1,3,2009,1.544250829,0,Excellent,538851.8934
4246,5,1,2014,1.694165502,2,Average,934919.3828
2927,5,2,1977,2.994518635,0,Average,648902.522
2068,3,1,1965,1.397773917,1,Average,414808.6543
4500,4,1,1996,1.822770955,0,Poor,940080.4444
3238,2,1,2007,1.566881188,0,Good,676233.0768
3998,4,2,1976,4.768263244,0,Good,866618.389
4413,3,2,2002,4.750995795,1,Excellent,983106.2224
1566,3,3,1991,3.244737014,0,Good,367024.3794
4880,3,1,2008,4.660351109,1,Average,1075814.432
2944,1,3,1996,4.036156905,1,Poor,660979.0475
4607,4,1,1983,3.154765473,0,Excellent,978190.8351
3873,4,2,1986,0.528958452,1,Excellent,801313.0611
4469,5,2,1955,3.976323287,2,Average,992213.453
3046,5,2,1956,3.661197537,0,Average,676719.1221
1253,5,1,1974,3.26864144,0,Poor,296184.1966
2582,3,2,1982,3.921909403,1,Average,587557.3219
3274,4,1,2004,2.808149741,1,Poor,724842.1847
3396,3,3,2007,3.668374721,0,Excellent,762080.8235
4685,1,1,1956,4.70827439,2,Average,955223.3951
1275,5,3,2006,2.191122571,1,Average,354189.0055
2125,3,1,1961,3.686548257,1,Poor,454484.4215
3569,3,3,1965,2.640595181,2,Good,769087.188
917,1,2,1992,3.534798433,2,Average,251359.7986
614,2,3,1956,3.93302001,0,Excellent,172534.444
1116,4,2,2000,0.704536252,2,Good,268244.1761
4474,2,2,2022,3.409701998,0,Poor,985699.1861
3767,5,3,1981,1.52033533,2,Average,824529.5721
1325,3,1,1957,3.51514642,1,Average,289985.4146
2016,1,1,2021,2.607485837,0,Poor,450594.568
3646,1,1,1994,3.980987338,0,Excellent,794010.0167
912,4,1,2008,1.055303668,0,Average,233504.5138
1228,2,1,1953,3.318450582,2,Poor,269736.4362
3848,4,2,2016,1.75311828,1,Poor,841676.0141
3308,3,1,1978,4.338418979,0,Excellent,707483.44
1175,4,2,1978,4.677725775,0,Good,310471.3889
3965,1,2,1977,4.983792322,0,Poor,846516.6709
3004,1,2,1993,4.082033311,0,Excellent,647388.2996
3467,5,3,1953,3.891803317,1,Average,760678.6017
3286,5,3,1958,1.469753415,2,Excellent,681361.2493
1622,3,2,1954,2.012031765,1,Poor,325380.0023
4579,2,3,2005,2.595571438,0,Excellent,987442.6841
2071,4,1,1999,3.980214715,1,Average,508941.1259
2643,3,1,1964,4.617346393,0,Average,572941.4282
2187,5,2,1981,1.35112595,2,Poor,481489.2462
4632,4,1,1977,4.650653681,2,Excellent,997885.7697
4351,5,2,1971,3.630310936,2,Poor,944921.9816
3940,4,2,1966,3.248468288,0,Good,842172.2092
4266,2,1,2008,1.399285721,1,Excellent,901471.7427
2826,3,3,2020,0.749862648,2,Poor,632482.6224
3414,4,1,2006,3.058092043,0,Good,748136.4564
4452,1,1,1975,3.431820575,0,Poor,914555.745
1095,1,2,1974,1.448516522,1,Excellent,214492.3981
1228,4,2,1959,3.004052926,2,Average,287478.2675
1865,4,2,1994,4.354220312,0,Good,478566.0656
4992,4,2,1960,4.257796755,1,Excellent,1068538.106
1198,1,3,2002,4.673098313,2,Poor,334276.2178
895,1,3,2021,2.146486143,1,Average,235478.1021
4671,4,3,2017,1.931223076,1,Good,1028282.312
4860,5,2,1977,3.872417027,0,Average,1060712.828
3002,5,2,2014,2.440005823,0,Average,690243.7507
2319,2,2,1998,0.893968988,0,Poor,501720.6757
1217,3,3,1996,1.772605088,1,Excellent,314916.5292
3282,5,2,2001,2.383620285,0,Average,752791.6326
4077,1,1,2003,1.816323915,1,Good,848697.29
643,5,1,2009,1.994925069,1,Good,213397.793
3640,2,2,2006,1.821991578,0,Poor,788471.7466
4991,2,1,1996,0.686746252,2,Poor,1023975.133
3438,3,1,1980,3.366926154,2,Good,738091.5512
4136,5,3,1995,3.187815892,2,Good,926531.81
3722,1,2,1975,3.440225743,1,Good,781388.9357
1667,1,2,1954,1.365394532,1,Good,302975.3038
3116,4,3,2001,1.830445437,1,Poor,696224.0924
1562,1,1,2003,3.288271671,0,Poor,370689.5463
2656,3,1,1982,3.198324058,1,Good,559262.3224
3482,3,2,1999,2.778486392,0,Good,775422.1169
3794,1,1,1987,2.076859625,0,Poor,783176.6366
1656,1,3,1976,4.608189521,2,Excellent,392725.1967
1232,4,3,1964,2.02896609,2,Excellent,297268.3996
4830,1,2,2010,2.550286204,2,Average,1027285.77
1453,4,3,1970,3.551512239,0,Average,367172.5873
3039,4,3,1995,2.943596439,0,Poor,697780.778
3824,1,2,2018,2.060986894,0,Average,802714.0962
3801,2,3,1955,2.460401557,1,Poor,783978.6475
2042,2,3,1987,4.07516368,0,Average,475471.1767
1691,4,3,2011,1.7515812,2,Poor,427302.0437
3493,1,1,2011,1.140148579,2,Excellent,724420.5097
3181,2,2,1995,1.909234408,0,Poor,690319.8868
1717,1,2,1962,4.32290397,0,Good,383644.1777
2040,1,2,1952,0.900453717,2,Poor,379109.0941
3736,1,1,1955,4.96263233,0,Good,758293.3789
2886,5,1,1957,2.934513045,2,Average,619360.9694
4219,1,2,1993,4.931805848,1,Good,923122.1142
1888,5,1,1982,4.725483899,2,Average,477884.3169
2356,4,2,1999,2.537661714,1,Excellent,558796.254
1865,2,1,1960,1.393209836,0,Good,366797.3448
999,2,3,1977,1.241981495,0,Average,226125.4127
2180,2,3,2019,1.579952137,1,Average,507967.8361
1010,2,2,1990,3.695596883,0,Average,246540.9659
4812,2,1,1965,1.728274976,1,Good,961367.1393
1824,2,1,2017,2.036413713,0,Average,427947.1031
1655,2,3,1997,2.519504618,2,Average,396277.34
2327,4,3,2005,4.609547062,0,Poor,585574.1096
3641,1,1,2013,1.35227038,2,Poor,763296.5726
3986,3,1,2008,0.522619487,2,Average,827741.1738
2310,5,1,2011,0.770433847,1,Poor,523323.0671
3423,3,1,1960,4.571448538,0,Poor,731262.2025
2714,3,1,1967,3.413824092,1,Average,574450.4842
4686,1,1,1968,1.728682787,0,Average,923773.1294
1213,1,2,2004,1.297366255,2,Average,269665.8614
4102,1,1,1975,1.824200315,2,Average,838955.4539
4634,2,3,1955,1.016586173,0,Poor,915104.235
4022,4,2,1953,4.736898096,0,Good,875981.0269
4768,2,1,1978,4.028927785,1,Excellent,1017321.395
1743,4,3,2008,2.580760296,0,Average,435500.9448
4209,4,2,1966,4.392331723,0,Average,896600.4885
1581,3,3,1992,1.622561919,0,Poor,342679.45
955,3,1,2015,3.727042558,1,Poor,267185.2676
1394,4,1,1983,4.352596246,0,Average,338350.5954
1884,4,1,1957,2.105459202,2,Good,414166.5843
2458,2,1,1962,3.908590005,1,Excellent,523387.0959
3572,2,2,1957,1.827825572,1,Excellent,720713.4288
2496,3,2,2014,1.844857109,2,Excellent,551668.6465
4785,1,3,1992,0.981757303,2,Good,972746.6953
1004,4,1,1988,2.480261209,2,Average,269874.7159
1714,2,3,2008,3.783703579,0,Excellent,431423.2948
2031,3,2,1993,4.730993625,2,Excellent,501692.8516
3940,2,1,1958,3.217086464,0,Excellent,804904.7205
1323,4,1,1986,4.38410992,1,Average,362719.6269
1428,4,2,1985,4.201225922,1,Poor,369407.9642
633,5,2,1977,1.280043738,2,Average,176494.3541
2605,1,2,1991,2.68617843,0,Good,557218.6456
4127,5,2,1992,1.02615591,2,Poor,909713.435
2352,3,2,1991,3.569689227,2,Poor,526951.7758
4675,2,1,2015,4.774548507,0,Good,1033450.458
3433,3,2,2004,1.116902561,2,Average,739205.5159
3784,4,1,2021,3.802474089,1,Average,870504.8286
4798,5,1,1997,3.345071679,2,Poor,1045202.35
3311,5,2,1971,3.126222667,0,Excellent,722603.6897
1750,5,2,1976,2.255541056,0,Poor,409947.2216
4012,3,1,2016,2.098092415,1,Average,901000.4882
1756,4,2,1962,0.703621351,0,Excellent,364834.6822
3876,2,2,1994,1.480589187,0,Excellent,795928.1818
3986,2,2,1959,0.56829597,1,Average,778486.8427
4084,3,3,1958,3.116376975,2,Good,858011.5135
1896,5,1,2003,0.976339561,1,Average,418888.6617
4137,1,3,1976,4.428587273,2,Poor,887527.9072
3830,3,2,1983,2.854143593,1,Average,827140.4447
3203,3,3,1950,3.648604591,2,Poor,673586.7477
970,4,2,1981,2.348856913,1,Poor,258717.6802
1853,2,3,2020,3.022609141,2,Good,471816.8853
3283,3,2,2016,4.741966296,1,Poor,764387.1612
3331,3,3,1969,0.872303178,2,Poor,687869.2513
857,5,3,1984,1.642719974,1,Average,252024.0177
3519,5,3,1966,4.009947471,0,Excellent,788284.6902
1167,1,1,1967,0.944317431,2,Excellent,219652.598
4968,4,3,1994,0.840474968,1,Average,1043830.291
1645,1,1,2002,2.126936294,2,Excellent,368670.1351
4685,5,2,2017,0.914755813,2,Poor,1015603.702
4219,2,3,2014,3.13285299,1,Good,909745.2998
3245,5,2,1950,1.518238629,2,Excellent,695195.3585
1039,4,2,2007,4.530640834,1,Average,322312.8625
3279,5,3,1975,4.025750364,0,Good,746167.7281
4636,4,1,1969,3.648673427,2,Good,985351.0239
4275,4,3,1959,3.276248123,0,Average,896792.5538
3008,4,2,2008,4.385595787,2,Average,716524.692
3279,4,2,1990,1.503779277,2,Average,695362.7415
1424,4,3,1954,4.428989792,2,Average,379005.7119
3456,2,1,2014,4.052715343,1,Excellent,763645.6102
2081,1,1,1966,3.866723719,0,Average,424881.1929
3824,3,2,1971,3.025650551,2,Good,809782.1662
4985,1,2,1990,1.608098724,1,Average,1032002.238
755,4,1,2017,2.405965622,2,Poor,239234.5743
2338,2,3,2018,4.071067945,1,Average,560304.6612
2444,5,2,1960,0.64300318,2,Excellent,523988.4313
509,2,1,2005,4.019228462,0,Poor,179398.4332
3371,4,2,2000,1.580318332,0,Poor,736289.1246
1297,2,3,1970,1.149391403,2,Poor,284798.2135
1515,2,1,1975,1.020655932,1,Poor,327253.458
2324,4,2,1968,0.622625054,2,Excellent,506990.3248
4969,2,3,2009,2.856139183,1,Average,1064774.934
3636,3,2,2020,1.482169427,2,Poor,818671.3913
2693,3,3,1996,4.952442946,1,Excellent,648718.3261
723,2,3,2020,3.084965401,0,Good,236865.4392
4658,5,1,1975,1.120483712,2,Poor,951484.5474
4425,4,3,1989,3.599431434,0,Excellent,967287.6139
4500,3,2,1954,4.539846049,0,Average,936969.4548
2133,5,3,1970,3.853307729,2,Good,523680.2041
2652,2,3,1953,0.843979375,2,Average,537770.4956
1010,5,1,1972,4.531478815,1,Average,261227.3187
884,1,3,1964,4.072682236,1,Poor,217669.8849
904,3,3,1957,1.21236755,0,Average,198204.1283
2500,2,2,1990,0.733036499,1,Good,517128.7579
3256,4,1,1968,3.007897589,1,Good,701609.1003
2168,2,1,1995,1.202161151,2,Good,465144.0719
1960,4,1,1977,4.255659287,1,Average,466251.4916
4136,2,3,2017,2.112505955,0,Poor,894174.4395
3224,5,1,1964,4.608016001,1,Average,705754.432
4678,5,3,1986,3.045596775,0,Poor,1007068.65
2548,5,3,1950,1.322025729,2,Good,547523.9111
4646,1,2,2016,1.128194903,0,Excellent,965317.5061
1216,4,2,1973,3.094125969,1,Poor,299226.7671
2323,5,2,1976,3.928476253,2,Poor,548288.2434
2581,1,2,1989,4.016775415,1,Poor,570399.7428
3919,4,2,2012,1.74090832,2,Poor,875382.7427
2074,2,3,2010,1.419110415,2,Good,473734.2154
749,1,3,1985,0.57540337,1,Good,146020.4034
1173,3,1,1973,3.55639618,1,Average,288382.4605
2665,1,3,1973,0.844557163,2,Excellent,537619.5908
1270,1,3,1953,2.393425408,2,Excellent,264215.3398
4462,4,2,2016,3.207569738,1,Average,1010589.329
4863,2,3,1983,4.716990252,0,Excellent,1047149.248
2484,3,2,2006,1.903109616,1,Poor,562238.481
1577,5,1,1998,1.623974731,2,Poor,370970.3861
735,5,1,2002,3.443720694,1,Average,238459.1159
888,1,3,1972,3.286575644,0,Poor,215993.8951
3537,4,1,2018,1.994494025,1,Poor,769763.673
2348,4,3,2002,4.67645826,2,Average,594755.3248
3314,5,1,2011,4.301880474,1,Good,779336.1178
3874,3,2,1990,1.507921456,2,Poor,820831.6964
3778,2,2,2006,1.576141454,2,Average,818613.7108
1752,3,2,2009,2.805351561,1,Average,432824.6586
4481,2,2,2003,3.981074458,2,Good,996696.8359
2622,5,3,2019,0.698181707,2,Poor,604936.8305
2650,2,1,2006,3.620008192,0,Good,596659.3685
1829,4,3,1959,3.417061538,0,Average,417900.5909
1858,1,2,1989,1.541660432,0,Good,376032.3615
2982,1,3,1956,3.56608856,0,Average,626454.2784
2517,5,1,1987,4.730824361,2,Average,629609.0985
1831,4,3,2010,0.710536302,1,Excellent,432687.9838
4844,3,1,1952,1.938434249,2,Average,979926.7246
4761,4,3,2000,2.471795225,2,Average,1041122.113
1858,1,1,1996,4.546671615,2,Good,433664.2275
3677,1,1,2017,4.83017651,1,Excellent,806645.0449
2628,4,2,1987,2.498518609,0,Average,576020.0443
2680,4,1,1985,3.875127855,2,Poor,600207.334
637,1,2,1990,2.892474607,2,Good,190828.1399
3972,3,2,2018,2.920023206,0,Average,878049.2512
3332,5,2,1962,1.751447818,2,Poor,704212.524
4079,5,3,2007,1.476303106,1,Excellent,909836.0848
3531,4,3,1999,1.796024057,2,Excellent,771922.8498
4664,5,3,1979,3.003476033,2,Poor,1010183.5
3093,1,3,2011,0.631198337,0,Poor,650748.6977
4800,1,1,1974,4.58262025,2,Poor,1018026.994
4318,4,1,1976,1.203276693,2,Good,897666.0008
4638,4,3,2000,1.490399046,1,Poor,998439.2371
4323,4,1,2006,2.832242794,0,Good,938864.8193
4542,3,1,1996,3.695516449,0,Poor,978835.1053
2406,5,2,1988,0.930780746,1,Poor,533178.2402
1260,4,2,1965,1.929626139,2,Excellent,278644.6693
3945,2,2,1971,4.859035725,0,Good,846346.3281
1399,2,2,2003,1.680543351,0,Poor,310271.2637
4955,1,1,1970,1.908725653,2,Average,995441.7102
3447,5,3,2021,4.264243208,2,Poor,830557.1687
2219,4,1,1965,0.725964943,0,Average,470083.2904
780,2,1,2008,2.59075926,2,Poor,217462.4451
3766,5,1,1980,2.20827544,0,Average,787281.7359
2387,1,2,1991,1.92464042,2,Poor,508927.8042
3766,3,2,1981,1.785648173,2,Poor,799178.3101
1166,5,2,2008,0.911183472,1,Excellent,319601.3915
4688,5,3,1983,1.916716232,2,Good,1004456.219
1171,3,1,1958,0.693735812,1,Average,206781.7574
2469,5,3,1960,4.014337386,2,Poor,583183.4309
4656,1,2,1959,2.292025073,0,Poor,913774.389
3622,1,3,1966,2.497567245,0,Good,734501.9543
4400,3,1,2017,4.521175639,2,Poor,987241.4297
1023,4,1,1997,3.461247427,2,Poor,287822.3769
2893,2,2,2001,0.536265965,0,Good,607535.634
3617,4,2,1974,4.744286703,2,Average,804727.9577
3093,5,3,1970,1.567150097,1,Poor,665369.9589
2468,2,2,2014,0.984263831,1,Good,540221.2539
2253,3,2,2012,3.956576803,1,Average,551444.6316
2796,3,1,2000,2.752147921,1,Poor,621460.4906
2761,2,2,1985,2.451967547,1,Average,596339.571
2786,1,2,2015,1.622763859,2,Excellent,617979.853
4702,2,1,1964,2.963621704,2,Excellent,967780.6667
3378,5,1,1988,1.734730723,1,Good,734156.8161
4643,1,3,2019,4.557123524,2,Poor,1021134.621
4144,3,2,1950,1.468420159,2,Poor,834328.5794
4932,2,1,1972,4.479598177,1,Poor,1040389.048
2555,4,3,1988,3.017324416,2,Average,602549.2782
1776,4,3,2006,4.228196603,2,Average,468699.4413
3266,5,2,1983,3.707806981,2,Good,738226.712
802,4,2,1990,3.635128001,1,Average,237185.9133
1138,2,3,2022,1.959556135,2,Excellent,315357.481
555,2,1,1962,1.552536192,0,Poor,111626.8534
1025,4,3,2019,1.448988025,0,Average,282660.2193
4623,2,2,1955,4.357362457,1,Good,972040.06
2625,5,1,2001,4.191920691,0,Average,625113.6085
3787,1,1,1952,2.482580876,1,Average,745395.8554
864,5,3,2012,1.095820761,0,Good,250123.4691
2146,5,2,1998,2.220135134,0,Average,510968.1407
1418,2,3,1996,3.287045544,0,Good,353161.4613
3297,1,3,2004,2.544814195,1,Excellent,740330.4672
2031,2,3,2013,4.010851708,1,Poor,496840.5292
3845,3,1,2014,4.9893027,2,Good,888020.5575
2406,2,1,2016,1.360094398,1,Excellent,522309.4059
3586,2,2,1964,2.568428688,0,Excellent,724033.5605
2575,2,2,1981,2.439427559,0,Average,545482.742
1213,1,3,2017,1.870216397,1,Poor,305026.7708
1562,2,3,1967,1.391429825,1,Excellent,355453.1829
2476,1,3,1992,0.795614524,1,Average,513292.7597
1796,4,2,1984,4.492036928,2,Good,442278.7666
625,3,1,2007,2.38931914,0,Poor,185569.8943
4096,1,1,1982,2.736029833,2,Poor,826494.0471
3783,4,3,1963,4.626239217,2,Excellent,839074.0204
2103,1,3,1983,3.993307149,0,Excellent,474659.8601
566,1,3,2010,1.087255689,0,Poor,158454.8392
732,3,3,1953,3.044389854,1,Average,190802.0703
2656,5,2,2008,2.490135244,1,Good,619516.3325
1669,5,1,1978,4.087449827,2,Excellent,416605.6073
2658,1,3,1955,3.759046464,1,Poor,551324.4887
4706,2,2,1998,3.606825749,1,Good,1000021.761
1993,4,3,1989,2.03245176,0,Good,462185.7242
4507,2,3,2014,4.122336787,0,Good,985499.1963
2972,2,1,2018,0.73576083,1,Poor,629290.1434
3160,1,3,1976,1.218312056,0,Average,627322.9412
3239,1,1,1955,2.010304728,1,Poor,638451.4028
2261,1,1,1962,0.845633485,0,Average,439898.8033
4014,1,1,2013,1.557474249,0,Excellent,821146.2339
2475,5,2,2011,4.235679423,0,Poor,594005.0065
2862,1,2,1968,4.76713192,0,Poor,613658.1099
1376,5,1,1992,1.870710601,1,Average,335417.637
4312,5,3,1969,1.690321118,2,Poor,919941.4098
3948,1,1,2017,1.759516935,0,Average,823529.5489
1812,3,3,1993,1.749735893,1,Poor,415639.6454
1960,4,1,1972,0.66168582,1,Poor,407600.3914
3209,2,3,1951,4.671123558,0,Poor,694271.1623
2824,5,2,1971,1.461641637,2,Average,591174.1369
2233,4,3,2006,2.390018333,0,Average,525760.8806
2105,3,1,2021,0.543590972,1,Excellent,472291.9525
3063,2,2,1956,4.360797909,2,Poor,647832.2076
3921,2,3,2005,3.79020805,1,Poor,889364.8171
4017,5,3,2016,4.760402158,0,Poor,935451.9336
2897,1,3,1965,4.017269656,2,Good,625246.118
4235,3,3,2000,1.911679304,1,Good,917235.4105
3370,5,3,2021,1.615430114,1,Poor,769318.6038
1660,3,2,1961,3.639723384,1,Average,357130.1203
742,1,2,2002,2.138507488,0,Excellent,181191.067
3090,1,2,1954,3.047967571,2,Good,641013.9191
1563,5,2,1976,0.52815862,0,Good,336153.428
4824,1,1,1961,0.778485658,0,Poor,924012.9418
3095,4,2,1966,2.909155735,0,Average,670894.0581
1419,2,3,1955,3.047322409,2,Average,312202.0872
505,5,3,1954,3.88153825,0,Poor,159121.4656
967,3,2,2006,1.093843938,0,Average,240302.22
4670,4,3,1977,2.809323877,0,Excellent,1001847.36
503,5,2,2018,1.3750144,0,Excellent,206042.3513
1145,1,3,2008,0.919382538,1,Poor,275063.0991
617,1,1,1982,2.347231073,0,Average,147206.8658
3428,1,1,2011,1.235014916,1,Good,710065.5618
3051,1,2,1999,1.498018902,0,Average,624411.6025
4789,3,2,1968,1.928995609,2,Average,988358.2476
1346,4,2,2018,1.667247803,1,Good,351280.4162
3262,2,3,2015,0.894160838,1,Poor,696027.2852
1641,3,2,1996,0.904623102,1,Poor,364016.4012
2310,3,1,1988,1.369622369,1,Average,494537.5115
1223,2,3,2017,0.727516346,2,Excellent,307116.6791
724,2,2,1982,3.319056589,0,Average,194628.7274
4708,1,3,1962,1.792970224,1,Good,949404.2007
2548,3,3,2003,1.758856855,2,Average,574912.7662
4915,5,2,1956,1.993992324,1,Poor,1011770.879
2073,2,3,1963,3.482583234,0,Good,438849.2345
2328,2,1,1968,4.417852467,1,Excellent,527715.5374
2417,4,1,2003,3.915891197,2,Good,580272.8716
4734,5,3,1969,3.773881536,0,Average,1021159.692
2526,5,2,1978,2.679760335,2,Average,567108.4842
4244,2,3,1973,3.622125006,0,Poor,926488.4541
1401,1,1,2012,2.987430656,0,Average,321278.1795
2539,4,3,2006,1.473127377,0,Good,572608.4314
509,5,3,1957,1.438647655,1,Poor,140538.0832
760,2,1,2011,1.833764031,2,Poor,211508.5901
2173,5,3,1978,4.598612019,2,Poor,552158.5008
2719,4,3,1966,2.963366782,2,Excellent,623326.5868
2560,4,2,2015,3.802574197,0,Poor,622100.1895
4213,3,2,1955,2.059514419,1,Excellent,845932.4083
2119,2,1,2007,2.334720968,0,Average,468251.3633
820,4,1,2018,1.065045104,2,Poor,236054.0003
1842,3,1,1977,1.27082731,1,Average,405144.6701
2876,3,2,2011,4.223104497,1,Excellent,663568.5127
3332,5,1,1990,3.131773843,1,Average,755402.3727
3324,5,1,2018,2.018896096,2,Good,759882.5851
2494,3,1,1990,4.11283044,1,Poor,578870.762
3458,5,2,1998,1.609339575,1,Poor,760720.1465
2538,4,3,1998,4.892147144,0,Excellent,611557.8809
3990,1,1,2020,2.051679235,0,Good,851283.9163
4177,4,3,1952,2.017899294,1,Average,870212.7997
1618,3,1,1959,1.903603575,1,Average,340874.6233
2104,3,3,1984,1.049501822,0,Good,451409.481
4527,4,2,1951,1.000117163,0,Good,898403.5372
735,5,2,1973,3.416472655,0,Excellent,198659.2199
2469,5,1,1987,4.438031201,2,Excellent,600564.2007
4929,3,3,1971,4.057342296,2,Average,1062899.029
2408,2,2,1975,1.134984173,0,Good,476966.9363
875,5,1,1992,2.955119548,1,Excellent,245941.0565
4030,4,1,2004,0.975161957,0,Poor,844959.8412
3135,5,2,1988,0.703825896,2,Excellent,663727.5441
2070,4,2,1978,3.453736367,1,Good,473629.2215
3060,3,1,1969,2.908185502,2,Average,638284.479
3891,5,3,1990,0.869106583,1,Poor,833111.8086
3465,4,3,2003,0.657226609,2,Poor,749471.4241
4143,3,3,1969,4.95390386,1,Good,891638.5087
4350,2,1,1968,0.635095995,1,Average,877752.3422
1372,4,2,2015,2.500377139,1,Excellent,377431.0644
1752,2,1,1979,2.770785611,1,Good,373171.5899
1814,2,2,2002,1.027760665,2,Average,405940.6239
3398,1,3,1983,1.260778003,2,Good,706686.3209
577,5,3,1971,2.083122529,1,Excellent,185557.6965
3121,4,2,2016,3.927541443,1,Excellent,728927.0714
4727,2,2,1955,2.781870908,2,Average,976049.1315
1100,1,1,1976,3.370558435,1,Poor,241079.3235
1565,3,3,1959,4.933285498,1,Poor,368640.6584
2636,4,1,2022,3.956024459,1,Good,645781.7325
2949,2,1,1997,2.454626742,0,Good,641526.9854
2843,5,1,2019,2.508988648,1,Poor,691113.9195
2363,1,3,2008,3.284474347,0,Average,528869.8625
1818,2,1,2008,3.494143438,1,Excellent,441001.3484
4097,5,1,1951,2.753199166,2,Average,852599.9751
4262,2,1,1978,3.401875503,0,Excellent,894261.7196
2690,4,1,2017,0.605896225,0,Poor,574383.5479
1492,4,1,2014,2.433302888,1,Poor,366271.8456
3212,4,1,1975,1.755221342,1,Excellent,665969.5719
2692,1,3,1959,1.081285004,0,Good,525408.9155
1748,4,1,2002,0.947959308,2,Good,394408.5769
3554,5,2,2008,3.214364745,2,Poor,826606.0146
4533,2,1,1971,2.856202462,1,Average,940711.9831
2497,3,1,2000,1.641128526,2,Good,555012.7033
4187,5,3,1997,2.619275264,2,Average,950877.0054
2651,5,3,1970,2.715045418,1,Average,601083.9476
4518,4,2,1971,1.377540412,2,Poor,926094.1391
3610,1,2,1979,3.434418778,1,Average,774150.0468
2470,2,3,1974,4.014137104,0,Average,543160.4942
697,1,3,1977,4.061585934,1,Excellent,202427.974
3126,2,1,2014,3.211114238,0,Poor,708104.0557
1702,2,3,1994,2.802373621,0,Good,402002.4844
2535,1,2,2017,0.774532144,2,Average,533656.394
977,5,1,1956,1.795240845,2,Poor,214146.491
1754,2,2,1998,0.919721511,2,Average,398823.2673
1422,1,1,1958,4.837204224,1,Poor,313266.8365
919,2,3,1985,1.107860658,2,Average,217213.6452
2704,3,2,1950,1.182989344,0,Poor,539133.0843
3097,5,1,1959,4.503094782,2,Average,697909.6504
1620,4,1,1985,4.747677276,2,Good,418003.1573
3568,2,3,2022,3.946230677,1,Poor,818706.7764
1450,3,3,1995,0.524322157,1,Average,325738.1479
2836,4,3,1981,0.506058219,0,Average,605369.8615
2743,4,2,1981,2.201453464,1,Average,606157.4973
3145,2,1,1955,1.145279165,2,Average,613606.1875
2357,1,3,1997,0.58273764,1,Poor,503962.1877
2365,2,2,1987,2.588300102,0,Excellent,510534.1604
3412,3,2,1966,4.743778538,2,Excellent,744040.0563
3353,4,2,1976,1.957188087,0,Poor,701368.1143
3728,2,3,2003,3.475133053,1,Good,816939.5874
4219,1,3,1999,3.435059089,1,Poor,907601.7862
3728,2,1,1984,1.629860466,0,Average,771385.1498
2871,5,1,1974,3.42691362,2,Average,636552.7525
3391,1,3,1977,1.455502884,1,Poor,694917.3009
4256,3,2,1964,1.049033361,1,Poor,852368.607
4725,4,2,1953,3.656224785,2,Poor,993240.2814
594,2,2,2022,1.010483677,1,Excellent,158856.843
3174,1,1,1976,4.986091484,0,Average,678385.99
2455,5,2,1975,1.325535805,1,Good,531945.9833
1293,1,1,1968,3.173638382,1,Average,279607.4552
2334,5,1,1966,2.351185571,2,Good,515300.5927
2616,3,2,1992,1.068738901,0,Average,542247.1623
4606,4,2,1990,0.625297584,2,Good,974421.4462
3825,3,3,1991,3.30229527,1,Excellent,843637.4595
3419,2,3,1999,4.130409037,1,Excellent,772740.0707
3097,1,2,1989,4.289070477,2,Good,685644.2336
3705,5,1,1988,2.672210629,2,Excellent,808905.585
1314,5,1,1972,3.998549602,2,Average,341956.2674
845,1,1,2001,3.527812101,0,Average,222673.0659
2849,1,1,1996,3.759145374,1,Average,604718.2237
862,2,1,2012,2.716695523,2,Good,234762.8245
2943,3,3,2018,3.350352831,1,Poor,690305.8228
2765,5,2,1992,4.124866611,0,Average,652434.7052
2688,2,3,1997,2.29047879,0,Excellent,601890.2919
3505,3,1,1983,4.126905054,0,Poor,753186.1677
3781,2,1,1989,3.164075793,0,Excellent,792681.5184
1484,5,1,2010,1.24655461,1,Average,360372.978
2139,1,1,1999,0.611078708,0,Excellent,422950.9047
1327,1,2,2016,2.132391202,0,Poor,312914.0031
3230,3,1,2011,2.960133477,2,Good,734110.0244
4031,4,2,2007,4.279191585,0,Average,899849.5188
4951,3,1,1982,1.073685561,2,Poor,1017583.427
3435,4,2,1965,4.100928565,0,Good,729494.9062
4376,2,3,1997,4.383540707,0,Average,953339.7306
626,2,1,1959,1.178093692,2,Poor,113576.5124
3677,5,2,1987,4.332174437,0,Average,847131.2133
3556,4,3,1968,4.961541055,1,Excellent,796875.0928
1103,5,1,1985,3.77077474,1,Poor,280149.1864
3949,1,1,2008,4.031463568,0,Average,833283.0645
4646,4,1,2012,4.974868704,1,Good,1046163.326
4033,3,2,1995,3.224665627,2,Average,889107.693
3867,1,2,1952,1.885488719,0,Poor,760436.8894
3868,1,3,2014,4.268888753,0,Average,864309.0324
4297,3,2,1957,3.265185999,2,Poor,910000.386
2292,1,2,2000,3.115379407,2,Poor,512734.7789
3361,4,1,2022,1.64136,2,Poor,762769.5056
3976,5,1,1955,3.903504213,0,Poor,827432.4143
3917,1,1,1988,0.867502741,2,Good,780363.0628
2145,4,1,2009,4.659291819,2,Poor,524818.9633
1705,2,1,1977,1.966205573,1,Excellent,354744.6306
3530,4,1,2003,1.074985938,1,Average,754662.1769
3372,5,1,1986,2.490649399,0,Average,733900.7559
3572,4,3,1958,0.691114592,1,Poor,729385.5524
2354,3,3,2005,3.580817874,1,Poor,556236.7348
4521,5,3,2008,4.562174797,2,Poor,1039730.214
3208,2,3,1951,4.267683532,2,Poor,672640.7863
4002,3,1,2010,1.073162631,1,Excellent,860129.7292
1832,4,3,2007,1.068220117,1,Average,432387.041
701,5,1,2009,4.16045517,1,Excellent,246717.9664
4007,2,3,1989,4.659144236,0,Poor,897176.5668
4712,3,2,1985,2.573014234,0,Poor,976572.7482
1074,2,3,1986,2.745370026,0,Average,251724.6793
1036,4,3,1967,1.932179186,1,Excellent,238220.4845
2125,2,1,2012,4.524193032,1,Poor,514184.1817
2622,1,3,1971,3.402063074,0,Average,561747.2624
885,3,2,1960,1.797132097,0,Average,194353.7361
3781,2,1,2007,1.84452292,1,Average,826587.797
974,4,1,2006,4.510400329,2,Poor,280961.6804
917,4,3,1953,0.561353108,0,Average,191907.6525
4100,2,1,1956,1.952269577,1,Poor,809712.7379
1454,4,1,2010,2.994605065,1,Poor,369854.9245
1705,5,1,2003,1.166978579,2,Excellent,400306.9574
4620,5,1,2017,0.914444394,1,Average,985628.9692
2490,5,1,1950,4.16874349,1,Excellent,567376.4007
4072,1,1,2004,4.524819749,0,Average,889695.2695
4880,2,2,1952,4.206228894,0,Excellent,1004325.393
4658,1,3,1987,4.544545504,2,Average,1021278.34
3213,4,2,1950,2.98900387,2,Excellent,665309.7684
2703,1,1,1987,4.155161544,1,Good,576620.3719
3620,4,1,1978,2.228191873,0,Average,738643.2008
1466,4,3,1954,3.498205377,2,Poor,343678.9352
3932,3,2,1970,4.949759891,2,Average,865263.3836
1188,5,3,2020,1.515774757,2,Poor,342365.2071
4743,4,2,2016,2.254548858,1,Average,1037911.652
4201,3,1,1996,2.660213198,0,Good,876992.6297
841,5,3,1984,1.121069692,2,Good,238047.5928
2224,4,3,2017,0.864673747,0,Average,518166.3814
4922,4,1,2018,4.233752898,2,Poor,1108236.836
2292,1,3,1950,4.895574678,2,Average,483905.9984
2259,1,2,2017,2.321262787,0,Average,509733.8504
3712,5,2,1961,0.894424263,0,Excellent,747938.7115
1489,4,2,2009,0.796152923,0,Excellent,347769.0613
2762,2,2,1976,4.510931929,1,Average,619407.6279
2982,1,1,2005,2.587164124,2,Excellent,646118.3979
1451,5,3,1972,1.940122925,1,Good,338786.4441
1222,4,2,1974,2.644075721,0,Good,291123.8674
3889,4,1,1970,1.932368426,2,Poor,796470.1732
2579,2,3,2010,2.700660989,1,Average,603812.5888
3217,5,3,2012,4.368003786,2,Good,779867.2166
2832,4,1,2001,3.16535617,1,Average,656065.842
3876,1,1,1974,3.625941978,0,Average,793323.8128
2000,2,2,2004,2.141018043,1,Good,448879.5108
785,5,3,1995,3.823276453,2,Poor,262707.2789
3995,2,3,1981,3.499776882,2,Average,872258.3925
2565,1,1,2004,1.03802899,2,Average,530476.1233
1268,5,3,1954,3.076892839,2,Good,321199.3469
3557,2,2,1985,1.655345733,0,Average,730405.662
4789,3,3,1998,4.118430513,1,Good,1033816.825
2661,1,1,2007,2.416719688,0,Excellent,564747.6546
3793,1,1,1988,4.976078743,0,Poor,804450.099
1446,1,2,2010,0.916251971,0,Excellent,316282.8068
3835,3,2,1958,4.011565382,2,Excellent,806269.4034
4650,3,3,1955,3.531657801,2,Excellent,988234.618
1981,4,3,1984,3.953744738,2,Excellent,489595.4125
2401,2,1,1988,1.88388408,1,Average,504682.3012
3951,4,2,1971,2.714245202,2,Average,851472.5994
4564,2,2,1990,4.084288339,1,Average,991703.3944
554,3,2,1954,1.546435992,2,Average,120795.5524
2323,3,3,1991,1.517149386,2,Average,511645.2378
3962,4,2,2016,2.97972929,0,Average,868356.2432
3579,5,1,1979,2.856036108,0,Good,765780.044
1332,4,1,2006,1.770181117,0,Good,317780.5943
4908,2,3,2022,1.841340427,1,Excellent,1058290.681
3306,4,3,1978,1.750303234,1,Good,708003.0797
2990,1,2,1986,3.971804279,2,Average,663456.3939
827,2,3,1962,3.433553895,1,Average,198773.4757
3810,2,1,1981,4.245877325,2,Average,821117.7482
3800,5,2,1995,4.889628627,1,Poor,888184.3038
4175,3,1,1972,2.633739333,1,Excellent,869924.3421
3554,2,2,1994,0.800122466,1,Excellent,734201.4616
2643,3,3,1966,0.716415397,0,Excellent,530326.7865
1811,4,2,2015,1.830492677,1,Good,436325.0762
3691,1,2,1955,4.696450652,0,Excellent,758140.6273
3038,5,1,1967,2.854458747,0,Poor,647006.8126
4483,3,1,1971,1.723039322,1,Poor,921002.2482
664,2,2,1982,2.296250575,2,Good,170024.8759
4777,3,3,1979,3.193677983,2,Good,1009807.439
1322,2,3,1981,3.438273462,2,Average,345655.7949
1443,3,1,1991,1.192637794,1,Excellent,320689.2188
4925,2,3,1959,4.896642544,2,Good,1034380.204
1274,4,1,1985,2.951475021,0,Excellent,304653.636
2698,2,3,1983,1.11059743,2,Average,571367.8253
3656,2,2,2022,4.52135864,1,Excellent,856066.3005
4742,1,1,1977,0.83587294,2,Excellent,931856.9695
4195,2,1,1960,4.584809449,0,Poor,882532.5489
3952,1,2,1988,4.984545453,1,Excellent,875163.0461
1414,5,1,1996,3.651943096,2,Excellent,372292.6034
1808,1,3,1968,3.967012495,1,Average,402330.0512
4677,4,3,1964,2.017862764,1,Poor,965304.849
1013,1,1,1977,4.737095837,1,Good,248621.8261
2420,5,3,1973,2.883712847,2,Excellent,560889.793
4094,4,1,2021,3.79574801,1,Excellent,933332.7201
1909,3,2,1958,4.658484722,2,Average,453579.1055
3690,3,1,1996,4.888309892,0,Excellent,814843.6877
4991,1,2,1982,4.249419605,2,Average,1037268.043
2055,1,3,2011,1.863578781,0,Poor,460741.2339
1304,5,2,1968,4.849463824,2,Average,357477.3327
1779,5,3,2016,3.326537891,1,Excellent,480192.2452
4077,2,1,1989,4.687891144,2,Average,886451.6347
3401,5,3,1996,3.542472616,1,Average,786584.6102
1887,2,1,2014,1.882575328,0,Poor,439793.078
3261,4,1,1978,2.165110359,2,Excellent,701493.9971
3179,1,2,1999,2.977122997,1,Excellent,683723.1607
2606,4,2,1962,4.055066787,0,Poor,572024.0236
4723,5,2,1950,1.930921481,0,Good,964865.2986
3268,4,2,1983,3.108790248,2,Poor,742599.2533
